,11236010,11236011,11236012,11236013,11236014,11236015,11236016,11236017,11236018,11236019,11236020,11236021,11236022,11236023,11236024,,
11236009,,,,11236048,11236049,11236050,11236051,11236052,11236053,11236054,11236055,11236056,,,,11236025
11236008,11236047,11236077,,,,,,,,,,,,,,11236026
11236007,11236046,11236076,,,,,,,,,,,,11236078,11236057,11236027
11236006,11236045,11236075,,,,,,,,,,,,11236079,11236058,11236028
11236005,11236044,11236074,,,,,,,,,,,,11236080,11236059,11236029
11236004,11236043,11236073,,,,,,,,,,,,11236081,11236060,11236030
11236003,11236042,11236072,,,,,,,,,,,,11236082,11236061,11236031
11236002,11236041,11236071,,,,,,,,,,,,11236083,11236062,11236032
11236001,11236040,11236070,,,,,,,,,,,,11236084,11236063,11236033
,,,,,,,,,,,,,,,11236064,11236034
,,,,,,,,,,,,,,,11236065,11236035
,,,,,,,,,,,,,,,11236066,11236036
,,,,,,,,,,,,,,,11236067,11236037
,,,,,,,,,,,,,,,11236068,11236038
,,,,,,,,,,,,,,,11236069,11236039
